Timestamp,Power_kW,Kitchen_W,Laundry_W,AC_W
2024-01-01 00:00:00,1.249080237694725,190.75106852315568,146.38944553287246,555.8033094171719
2024-01-01 01:00:00,2.5308381353710927,77.18495992484903,41.268085894730206,534.6499972349018
2024-01-01 02:00:00,2.21398788362281,59.974440105016626,110.71225418701515,346.66246262675804
2024-01-01 03:00:00,2.050870358987347,161.16809739350884,83.25002631654854,689.013287159332
2024-01-01 04:00:00,1.2450499827770924,136.1709669769868,134.17707052530065,429.9010171787152
2024-01-01 05:00:00,1.2949519538169394,176.2743165137408,51.25797473368631,785.3734566106082
2024-01-01 06:00:00,1.116167224336399,70.96585649394342,113.11511426713975,543.8994968070158
2024-01-01 07:00:00,2.7153152046944045,169.29009677898352,130.57383475777323,188.3853190951519
2024-01-01 08:00:00,2.135242725378637,80.24409800716168,143.3537063368828,573.3242934528039
2024-01-01 09:00:00,2.269698546185365,74.54839142985568,111.9897633947575,327.5728108021893
2024-01-01 10:00:00,0.7911689885916049,74.63986968964895,89.66097168101128,580.4290376802683
2024-01-01 11:00:00,2.569229226875249,172.1862080347073,104.14166882414565,148.74880371368403
2024-01-01 12:00:00,2.1648852816008435,149.77958310443,134.2685981374462,222.41700602317155
2024-01-01 13:00:00,0.7952686988052919,128.4598137153679,98.47316959665956,699.0160812340505
2024-01-01 14:00:00,0.6136499344142013,103.82457261852537,33.64644716362042,259.0256899164604
2024-01-01 15:00:00,0.5132556291135941,181.58008112196623,141.71384346083732,685.928787670058
2024-01-01 16:00:00,0.6754717840268563,108.8667661133953,112.74321012378734,295.49326191808734
2024-01-01 17:00:00,1.0665499501199416,172.48991592073656,111.18160629326958,550.0173370410953
2024-01-01 18:00:00,0.8638900372842315,115.87023628553277,55.881018287726064,585.9054014568817
2024-01-01 19:00:00,0.5994953672515496,106.54166441373613,109.06625642791886,458.85832720153707
2024-01-01 20:00:00,1.2906930875525395,119.40196785044097,77.26372867849902,313.7174736877119
2024-01-01 21:00:00,0.4254343307108098,95.20668112462131,108.14795724497905,248.8510634597673
2024-01-01 22:00:00,0.8342892970704361,162.14140702643766,42.791163636958885,123.23254819369836
2024-01-01 23:00:00,1.1033141640361226,125.40805851387188,108.94143655236432,312.76248086850666
2024-01-02 00:00:00,1.4121399684340716,84.8319042720226,149.92964709247997,557.2139533718981
2024-01-02 01:00:00,2.1997614453372876,184.93618599118528,35.78544466326672,756.8133729139379
2024-01-02 02:00:00,1.1493475643167195,107.58368320598171,147.2609021065581,709.8431375841365
2024-01-02 03:00:00,1.882022267420497,131.5329291670983,78.82895528674447,636.2453435747118
2024-01-02 04:00:00,2.117841839616304,185.97081664468203,134.49041404047108,651.913140277309
2024-01-02 05:00:00,1.0758637385845295,143.6356993870988,123.88625808699281,565.4894324331967
2024-01-02 06:00:00,2.2150897038028767,67.53470610625462,98.04195131840014,282.2008002962021
2024-01-02 07:00:00,1.3240111605191172,190.97481854202127,118.61390511015918,735.036521494081
2024-01-02 08:00:00,1.0631158878627787,144.15620796071266,135.42186735616173,569.5126183340838
2024-01-02 09:00:00,2.7513244650999398,100.23584219856292,78.49683859812396,492.30844168630796
2024-01-02 10:00:00,2.6812640661491187,70.8908108995081,69.24397938758864,177.69262844943677
2024-01-02 11:00:00,2.246204218784183,169.1037783905444,110.11120626763017,412.9388806644978
2024-01-02 12:00:00,1.1092275383467416,143.01091338927702,126.94151303295104,422.2507898413484
2024-01-02 13:00:00,0.5659347054615077,130.01916379644823,121.4742161731939,705.194526665869
2024-01-02 14:00:00,1.6184660530243142,184.08388745764364,125.73763786303614,482.65375413145193
2024-01-02 15:00:00,1.0267515968859293,168.28958168367961,82.26999777755196,366.28038427928675
2024-01-02 16:00:00,0.3110637677973383,72.75123195991267,128.1401059410026,783.7602299574615
2024-01-02 17:00:00,1.0073909070780065,96.75831016933223,44.42508664447301,177.50441532842098
2024-01-02 18:00:00,0.06877704223043679,87.27337097216986,95.33869175530195,395.78389981836125
2024-01-02 19:00:00,1.8356778910130296,161.59194388590154,30.691039259774588,129.4172726199837
2024-01-02 20:00:00,0.5845472613078142,55.02986521036691,68.95029958803244,617.9328845368512
2024-01-02 21:00:00,1.4714911781146904,135.48345273069748,73.97538418456774,742.6535865394054
2024-01-02 22:00:00,0.8734221521788212,164.36880286110357,77.54072299311065,296.0261306853426
2024-01-02 23:00:00,1.4107265198043613,181.51484551426242,113.45606480278346,700.8391737593846
2024-01-03 00:00:00,1.593420558686559,101.31226230738612,76.62697215244148,304.55276132332847
2024-01-03 01:00:00,0.9991184336023141,173.18859570080193,83.84323471470367,737.5391131507406
2024-01-03 02:00:00,2.6891692555291176,66.59476054328108,58.50529570491929,627.7733325177487
2024-01-03 03:00:00,2.403819037315502,176.96784376017774,74.79021499552081,663.434743789007
2024-01-03 04:00:00,2.8120105850205976,69.12329934979736,57.27235527157818,112.60458892031815
2024-01-03 05:00:00,2.7726176139998318,109.59309358405508,38.78351085221324,773.9672499518182
2024-01-03 06:00:00,2.19579995762217,169.59430486693304,102.41383120576535,608.6696944492262
2024-01-03 07:00:00,2.8267113831907675,72.48761410231606,110.18553582660195,313.3257667702933
2024-01-03 08:00:00,1.1099977059960586,84.38770928489623,104.33884152115374,680.5762654011928
2024-01-03 09:00:00,1.2455191154315646,158.33788525895994,85.61928525606868,297.06483889045097
2024-01-03 10:00:00,0.8404545778210761,158.00548048191115,75.57429362150758,710.9276876962896
2024-01-03 11:00:00,1.2800701840777893,146.1721449327946,133.60003794861905,178.8062732883559
2024-01-03 12:00:00,1.2773545793789651,154.092266670065,92.28981421634617,592.580184222557
2024-01-03 13:00:00,0.9132885409965319,131.40866650213943,87.50182531556771,478.4889336514372
2024-01-03 14:00:00,1.9074750183038591,87.76985883604291,33.077047896772285,167.57412913680855
2024-01-03 15:00:00,0.8599532627939047,101.85439902558792,70.94973931513877,269.3256797811873
2024-01-03 16:00:00,0.6288563174825427,77.23965752021385,75.62347425430285,108.68282539412036
2024-01-03 17:00:00,1.1024292531719628,186.26758420004424,77.85873370762806,428.1375758251541
2024-01-03 18:00:00,0.2818484499495253,137.50876921491806,99.62068430727987,310.88568253200026
2024-01-03 19:00:00,1.621431048363545,110.12771251454598,94.03230560722541,518.8502390084311
2024-01-03 20:00:00,0.21608858546732246,119.3008705466199,102.94861113521335,308.0664653960321
2024-01-03 21:00:00,2.12022048260776,192.0925009417723,121.7859913850554,309.9433780548893
2024-01-03 22:00:00,1.7944895385933148,73.00271046741203,127.55828864593121,620.2352391121224
2024-01-03 23:00:00,0.7680218405170851,137.9344748025196,116.17476914717933,133.6999851848474
2024-01-04 00:00:00,0.5110442342472045,125.8833018326699,144.66284351459217,732.026496634391
2024-01-04 01:00:00,2.2603323794609276,141.71813531519717,32.187909921163396,696.5847120738271
2024-01-04 02:00:00,2.163714687695234,52.71652757312608,53.49335828202553,567.4632782584845
2024-01-04 03:00:00,2.3115677266752486,180.81858634162273,30.907544997377055,515.255099075169
2024-01-04 04:00:00,2.47555339526411,189.81774237254186,107.69696569855236,724.6117486977565
2024-01-04 05:00:00,1.1310522166127148,134.76997753838134,137.76366587399843,229.7311256701001
2024-01-04 06:00:00,1.7169314570885452,154.49762358153384,59.21787558915591,155.27841353358002
2024-01-04 07:00:00,1.2147010321947938,188.37490717659435,141.2441453755568,267.6571189366767
2024-01-04 08:00:00,2.6592195536434065,156.08579514700978,37.2320868347473,656.2047950901332
2024-01-04 09:00:00,2.1001496442483902,72.8808564371392,142.13232321666172,124.26918670853833
2024-01-04 10:00:00,1.4117960497053001,136.443254025022,72.19472246875613,507.9647845584427
2024-01-04 11:00:00,0.7565262231233071,141.00725695742838,42.170499413905986,796.806261333917
2024-01-04 12:00:00,1.1219646434313248,113.6196006953579,88.30461110235908,698.9872656862776
2024-01-04 13:00:00,1.0209571215022335,160.46663534370842,60.81318812646096,465.01198233051264
2024-01-04 14:00:00,1.7092123566761288,190.1550522153522,64.18474823543073,144.54863650064965
2024-01-04 15:00:00,1.4215615521171538,188.83527693601644,66.87479579115438,681.9614600699969
2024-01-04 16:00:00,1.8414127832604343,117.62590571061982,126.36310773991961,519.2849557240474
2024-01-04 17:00:00,0.9614669371793645,66.98570687611328,94.69935320103053,180.4530979416968
2024-01-04 18:00:00,0.2391884918766034,197.72617984435018,67.35692389872044,165.70009937634933
2024-01-04 19:00:00,1.4435266613014557,175.83471296689012,103.2400539973102,736.7387736056147
2024-01-04 20:00:00,1.5885573953415748,68.69940218049003,115.93808090678323,568.440184056655
2024-01-04 21:00:00,1.269001004545718,188.12628239260584,62.71488008802405,680.5007595217289
2024-01-04 22:00:00,1.7919343599091218,180.48445430931923,79.62589218304218,715.2852301975871
2024-01-04 23:00:00,1.3581816701775216,127.82570856891081,44.62633120043371,500.24064643382553
2024-01-05 00:00:00,1.5454656587639877,138.69131536173938,51.73792194416164,462.2124462285289
2024-01-05 01:00:00,1.484491559268358,109.85040558051955,111.73414247579794,401.2991872246931
2024-01-05 02:00:00,0.8008382534881897,58.2142458233047,51.77260172347523,321.86261145378353
2024-01-05 03:00:00,1.0693362445798826,100.27958624688515,93.01960604004722,404.21717260109824
2024-01-05 04:00:00,0.9958710732656881,170.4280172897017,115.08555140669192,641.7157590111094
2024-01-05 05:00:00,2.255783735672095,50.69480345069043,42.82523077136926,521.3464017105921
2024-01-05 06:00:00,1.6287119621526533,100.02487575367164,98.07746635546843,724.7663029683922
2024-01-05 07:00:00,2.00010429547394,109.7253040386415,60.78753404416365,410.3660100654314
2024-01-05 08:00:00,2.7481456497444054,130.6093404406884,145.55122502850958,524.9627051031277
2024-01-05 09:00:00,1.3521378488910232,187.97834246191408,88.02547760639096,541.9152871643921
2024-01-05 10:00:00,1.5707658460712597,101.95189915489419,126.71910597301897,514.1880136144279
2024-01-05 11:00:00,2.140511799637359,102.04298028443415,96.02718505875141,591.8436411598614
2024-01-05 12:00:00,0.9575963309832455,160.62518721646225,35.2095039425783,266.2034278623644
2024-01-05 13:00:00,0.5245502971063272,117.83269113347107,105.97816507128269,458.6546442820535
2024-01-05 14:00:00,0.8295029058275353,83.69072344099729,144.16840106479884,172.95736196584338
2024-01-05 15:00:00,0.46888918391473516,117.86592741990401,102.19341841755974,369.1579293513688
2024-01-05 16:00:00,1.9263826027929274,71.12855305696998,128.30266313121484,441.36694803488507
2024-01-05 17:00:00,1.6332778459842998,76.4580479759335,136.10477560180894,556.5569816818307
2024-01-05 18:00:00,1.266807513020847,124.75516591092196,57.3695726338719,765.3717368103424
2024-01-05 19:00:00,1.7599582672309015,112.83881742568218,55.445380788987194,520.4557465838491
2024-01-05 20:00:00,1.6743314519060095,187.226885160215,103.317718662119,620.5157413235919
2024-01-05 21:00:00,0.5195867271787972,104.35908486749497,79.32341637680457,454.3862416466419
2024-01-05 22:00:00,2.035117996979955,137.08825254170654,130.78335634400645,543.872821963432
2024-01-05 23:00:00,1.4492749612800397,144.83964318792954,138.00277480776134,149.6525512936414
2024-01-06 00:00:00,2.114880310328123,51.964168488250046,72.41056551632617,278.0741065892929
2024-01-06 01:00:00,2.421592122398247,149.53060580250659,58.424467076937844,353.2971652435971
2024-01-06 02:00:00,1.3860069499437269,76.70539503046271,123.66306182926341,430.7453485045595
2024-01-06 03:00:00,1.073657239648626,194.16054762041827,62.97672426577633,131.95412185166862
2024-01-06 04:00:00,1.388883026976102,72.29940916296694,128.7137182216414,198.01686828732238
2024-01-06 05:00:00,1.8371784903970467,112.19361855905356,80.84859043785154,293.7700154539141
2024-01-06 06:00:00,2.6360295318449865,62.80245021179658,110.10598791497645,780.0728836307354
2024-01-06 07:00:00,2.7044240796572208,199.5311377768921,41.46423766016018,331.9429049721355
2024-01-06 08:00:00,0.9469169629546017,125.32925154968639,104.86311896118876,437.42874067845776
2024-01-06 09:00:00,1.8750479957484059,139.30775259800657,84.21212144846749,237.26839891687504
2024-01-06 10:00:00,1.5848220062975584,60.06147160826412,100.39301558105689,527.5460497530378
2024-01-06 11:00:00,1.0736251434927206,162.49407055987666,50.16170492938361,296.478250861182
2024-01-06 12:00:00,0.7397307346673645,81.48583896433786,118.42484939330186,244.89480490689874
2024-01-06 13:00:00,1.045820820255997,184.70814341610705,133.5356493051874,461.60083991218534
2024-01-06 14:00:00,2.135819407825039,80.77094607230107,56.00877601089308,103.85405941229457
2024-01-06 15:00:00,0.792852473448237,78.60315809954999,41.48574666241941,105.36482285445773
2024-01-06 16:00:00,1.1045685415945126,55.48245017721423,32.836630325560364,253.34816637130044
2024-01-06 17:00:00,1.4230750046458214,120.8100417664999,107.03658005319193,125.7049537505748
2024-01-06 18:00:00,0.727259204758588,134.72616998939247,102.8512843306537,175.61802789148396
2024-01-06 19:00:00,1.960601252297387,59.856295914252854,95.6036895256884,337.20245453712613
2024-01-06 20:00:00,1.991881887992003,166.3291425042516,57.83365153391705,661.809975705869
2024-01-06 21:00:00,0.6500112010574525,117.99332521220414,76.90871950866176,500.4340503585106
2024-01-06 22:00:00,1.244497011784772,128.658540399137,101.33716022234077,458.8674081694915
2024-01-06 23:00:00,0.9723470970822775,116.11441204073422,89.61202306310032,305.4421762456851
2024-01-07 00:00:00,1.0696809887549346,110.1144591312989,148.5342624257865,752.2276036029715
2024-01-07 01:00:00,0.703183417260326,133.94604969623268,46.37277030680798,377.91052886603416
2024-01-07 02:00:00,1.9691286679597912,73.28603688960688,113.41734648571125,160.96493675704005
2024-01-07 03:00:00,1.8589114370509978,77.28921957429067,78.51825217251505,531.9465612824608
2024-01-07 04:00:00,1.0359702043921972,179.26784315202758,81.38395379107376,179.68687543362097
2024-01-07 05:00:00,1.540255841617757,191.9173193200449,116.11173187898115,341.6561999611845
2024-01-07 06:00:00,2.8165317719333074,105.99639744196294,113.09233815892436,455.1883571024662
2024-01-07 07:00:00,1.4620866944784796,90.61170097153307,148.9507192442626,711.955767279623
2024-01-07 08:00:00,1.2228024460746665,146.59993148585238,45.40731473449503,445.48260623808306
2024-01-07 09:00:00,1.8324589111484006,111.31012566471446,42.49315792609996,591.581136222165
2024-01-07 10:00:00,2.721300908221202,53.80795334905173,116.92065805544894,794.9717872993492
2024-01-07 11:00:00,1.113520065574261,73.42288960492856,99.4064300407691,192.04238392858713
2024-01-07 12:00:00,1.8442710948117598,157.39583432710964,62.899279987176705,292.31206786366363
2024-01-07 13:00:00,1.8938297081061766,148.8385912865227,39.53032427867839,376.20325291835246
2024-01-07 14:00:00,0.7252750879848002,54.06439887552252,40.27898995157166,395.27972497718196
2024-01-07 15:00:00,1.6028793066304456,83.29582428994242,137.3029049596942,387.71475268588205
2024-01-07 16:00:00,0.8025535635462869,84.66121948821072,53.02407896624915,735.3277017895884
2024-01-07 17:00:00,1.2816487480426255,150.78391153980925,68.8045874538625,599.8228511267995
2024-01-07 18:00:00,1.2670594215217894,52.956580663154625,57.19876826723856,525.5336498634927
2024-01-07 19:00:00,1.0885864550049826,65.61628729768607,72.59955669983248,316.56090250394743
2024-01-07 20:00:00,0.24756683821659536,169.9874128059784,38.3308611295312,676.6532689549063
2024-01-07 21:00:00,1.8170516005852002,76.78169930815004,92.28717490899244,768.5423580394922
2024-01-07 22:00:00,0.8915601299434728,147.91191617778122,38.11350763106579,674.8387977851586
2024-01-07 23:00:00,0.74362749824845,85.72741715700897,126.04278093868339,101.09557363403103
2024-01-08 00:00:00,0.5815502831095269,64.91620891390177,58.045449829251965,545.4809591283849
2024-01-08 01:00:00,1.8111954089277438,86.47582864991811,94.80142975254127,135.7947670094705
2024-01-08 02:00:00,2.1051287236845653,158.34003977834885,135.60949050737497,280.32505423360533
2024-01-08 03:00:00,0.8867290484489845,178.35447021594285,108.1052842856633,141.66729024344016
2024-01-08 04:00:00,1.9571988184907805,174.53297968504876,93.95493438616023,522.6568170645714
2024-01-08 05:00:00,1.4359544635404098,109.57752944276822,68.92005037384507,580.6129394448247
2024-01-08 06:00:00,2.2903455808189,150.21277048559693,69.96022956698374,180.14134664613357
2024-01-08 07:00:00,1.3316957711545179,80.74764431237315,110.33843462378282,368.6872181314856
2024-01-08 08:00:00,2.3148881780971524,93.97215953915199,149.2967233465401,419.3655562688794
2024-01-08 09:00:00,1.627024083194347,184.45037277816797,109.42070278192543,358.3371152326416
2024-01-08 10:00:00,2.6234599774734693,51.95028852661041,96.93401008440298,184.71750033963514
2024-01-08 11:00:00,0.9044514108432468,62.82627962817021,117.67806122870954,393.2634531312328
2024-01-08 12:00:00,1.1821327021005161,81.1829382719041,85.82467347404618,625.8246334658927
2024-01-08 13:00:00,0.5975375199299197,53.97983058107296,37.21708111209423,149.70536517327884
2024-01-08 14:00:00,2.0993872365571264,77.21531526346959,97.47561790534918,156.1260098573324
2024-01-08 15:00:00,1.9011253161686885,137.45623414545383,144.91503414064562,348.33990428518894
2024-01-08 16:00:00,0.5828705535380936,113.21368258887469,51.036353082919156,759.2079981332475
2024-01-08 17:00:00,1.3370051789238246,183.90075666154624,112.80058689847989,568.0008527060398
2024-01-08 18:00:00,1.6344444004024314,172.61653426076612,54.11204263908678,575.0689696707954
2024-01-08 19:00:00,1.1274387100543912,101.2726027546814,94.29932213676975,353.34399358650546
2024-01-08 20:00:00,1.1262884548197936,88.91351501469387,41.601173957606356,515.5625538459769
2024-01-08 21:00:00,0.6301511912076299,106.95386122509004,84.04451235098222,107.09182881942037
2024-01-08 22:00:00,0.43620553561179937,138.54424137722117,120.73959946742953,545.2672324866795
2024-01-08 23:00:00,2.1650219933553916,90.20954612343144,71.70858290867784,739.3008633033658
2024-01-09 00:00:00,2.30083611432666,143.6223361773701,109.78940693846616,528.8014278413734
2024-01-09 01:00:00,1.895612437097796,111.41174782868606,125.45399529476751,711.5890154264415
2024-01-09 02:00:00,1.4280595820973987,132.80707712779702,141.2613383375343,606.7811388262656
2024-01-09 03:00:00,1.551972539818594,115.4189793702975,58.15704982265443,184.39089148258319
2024-01-09 04:00:00,2.3849240596326973,94.16986393128765,77.91790989711697,731.7173151000892
2024-01-09 05:00:00,2.777183433049687,192.2679960443235,48.28992159965009,146.5106910490424
2024-01-09 06:00:00,2.7741728485302346,164.54086912396411,149.098020259005,473.7772307834346
2024-01-09 07:00:00,2.5427140048597816,71.01697636496789,141.24011615091544,199.49598665542038
2024-01-09 08:00:00,2.217075994200794,180.27019638468693,94.79485563366715,108.19462751163285
2024-01-09 09:00:00,1.0218333205833725,123.11467973742705,131.04399532517056,395.4239820893473
2024-01-09 10:00:00,1.0732574281892282,184.1828340341137,92.51495727264506,306.5284953579094
2024-01-09 11:00:00,2.4265178996054186,169.97828839209728,104.83028256033117,440.20034565832214
2024-01-09 12:00:00,1.7128581193191827,113.78202567038502,40.69493185392199,504.03992071418554
2024-01-09 13:00:00,0.3889845806820009,53.37039624801761,120.63245045961695,130.61735061626314
2024-01-09 14:00:00,0.4529430857320654,90.3016039077419,45.32561803622818,186.10230658662195
2024-01-09 15:00:00,1.4734501476228408,131.24513219913004,129.1281156303034,491.04967751529773
2024-01-09 16:00:00,0.07711046580021796,145.0217329739221,123.84337052044631,340.21714722086074
2024-01-09 17:00:00,0.33865318969046293,88.68315281498035,115.04936372915718,610.4214412846136
2024-01-09 18:00:00,1.0974675787331722,70.90341111092363,34.33924566297145,556.6041540143578
2024-01-09 19:00:00,1.4008274822408522,175.23953551989487,66.37540271343943,691.9230540929348
2024-01-09 20:00:00,1.3709098171129814,197.66032710553282,61.57350838930114,584.7449786684576
2024-01-09 21:00:00,0.5949852283278461,128.85352734540288,73.21636889658228,400.95175417310367
2024-01-09 22:00:00,1.6743584426950695,75.75189287724552,40.51712961166062,571.0766356761027
2024-01-09 23:00:00,0.845088652442338,90.84609897790534,142.43493876372753,292.76682197879296
2024-01-10 00:00:00,1.1507993963185343,52.758601482120014,96.45626888548516,314.4194491447489
2024-01-10 01:00:00,2.122392332787305,187.14482098407484,66.66291727896282,652.2896119445553
2024-01-10 02:00:00,2.0492657980944267,67.66266243352118,77.637782048914,412.4936614811075
2024-01-10 03:00:00,2.5520002115816305,136.47747132713803,83.66430486058027,658.8662383628467
2024-01-10 04:00:00,2.248238486492907,91.10828310308091,102.07132000327408,675.6956615677949
2024-01-10 05:00:00,2.119580119815477,133.126700377369,91.88153132357974,700.2936363628986
2024-01-10 06:00:00,1.187349535656185,147.71305825277963,140.3270367857301,741.6446650888452
2024-01-10 07:00:00,1.7183945192634011,174.46127055608025,89.63561794869963,401.6896543593074
2024-01-10 08:00:00,1.4634174372556714,80.96319076409048,149.05896177879754,323.2067728247972
2024-01-10 09:00:00,1.341532677351442,51.649374298772074,132.1709949294115,507.5391226158797
2024-01-10 10:00:00,2.6960211095048923,70.5328445103211,55.0212617228803,359.8206964063393
2024-01-10 11:00:00,1.4156049718847847,185.00279627721577,141.67142575726996,520.7519167601631
2024-01-10 12:00:00,2.2840931103542297,181.0835116343773,43.96396774625713,593.9101038506772
2024-01-10 13:00:00,1.6328677294432676,139.61196532554624,128.09396501894298,581.8835129444958
2024-01-10 14:00:00,1.839622607083295,140.077529065048,75.67479521718961,362.18702091408494
2024-01-10 15:00:00,1.151720795617111,149.7555011819383,135.35691845340835,216.80214118912698
2024-01-10 16:00:00,1.2207950673604988,76.30569179351744,134.16680281289405,401.3705369235453
2024-01-10 17:00:00,1.0020724744931935,187.16179188874398,126.71104801411454,199.81590085733612
2024-01-10 18:00:00,0.390485975596089,112.81557873381097,124.80365235684737,723.0679246286659
2024-01-10 19:00:00,1.461941317378476,107.47077923742461,66.56149669176489,342.11422251650015
2024-01-10 20:00:00,0.628532022989492,127.83765579242564,39.71031396615026,208.12182305632666
2024-01-10 21:00:00,0.1950785422696315,57.04489501625826,78.35762145181937,117.81343193402562
2024-01-10 22:00:00,1.5409445918143332,74.94250531341191,50.82294179838104,552.0756704005389
2024-01-10 23:00:00,0.7248118362628356,160.70504246395558,113.3941306682954,545.8316222183203
2024-01-11 00:00:00,2.3809171687058237,62.419800188768974,71.53196718453427,338.4229166069042
2024-01-11 01:00:00,2.5372666765564347,140.47281641995824,147.07322410318977,150.1983221933557
2024-01-11 02:00:00,2.579728780440897,86.80236645219814,106.91664928143985,386.7402264266624
2024-01-11 03:00:00,1.5938707911041632,108.39434210629648,128.6976676361233,317.8522465443755
2024-01-11 04:00:00,0.9639259349499533,93.30406051560499,45.902960729021814,573.9844478145066
2024-01-11 05:00:00,2.8396000383199844,103.35090746974237,133.44173787271473,524.0454746168832
2024-01-11 06:00:00,1.8563682966346287,157.85688577763682,140.7308628616073,355.215609738278
2024-01-11 07:00:00,2.916272551231873,94.56825734347626,88.4474302582723,252.52478797849307
2024-01-11 08:00:00,2.860252656070726,134.9606960445346,102.7503525301173,791.6251763089143
2024-01-11 09:00:00,2.5595723015279974,121.40756032986495,121.77717610835946,417.8011348372804
2024-01-11 10:00:00,1.3388977841391723,149.5506748043972,50.980635271249504,581.791965046166
2024-01-11 11:00:00,1.3996049797551078,190.5244608987137,90.30792917561308,198.38707730485254
2024-01-11 12:00:00,2.2022733430337134,159.88581458153755,77.83956333267757,439.91278976157844
2024-01-11 13:00:00,1.0044344877612972,82.24105678861352,47.564879059469895,119.27570390862584
2024-01-11 14:00:00,0.5889854933721832,54.6774702591927,74.10413067498376,453.81858253731497
2024-01-11 15:00:00,1.260049134323427,89.33960664497377,38.180677126259226,774.8121849823916
2024-01-11 16:00:00,1.9392968464293445,139.2616896050382,33.09742883393844,368.94469909006017
2024-01-11 17:00:00,1.4090966802054117,57.71387202263755,46.21995469857873,127.2972088024381
2024-01-11 18:00:00,1.14012234017873,124.45493708018545,145.57381339070088,121.66905364354047
2024-01-11 19:00:00,0.21139007439700164,139.5264273375334,95.94354430740204,371.59073196280866
2024-01-11 20:00:00,1.2970017515061198,100.13658362254412,145.89865933838638,212.01745552423583
2024-01-11 21:00:00,2.1265543096152504,165.6368305618733,81.89974539961584,116.34646742973014
2024-01-11 22:00:00,0.5301680304730487,65.98973797006578,67.41793597023116,629.3495297651237
2024-01-11 23:00:00,1.407249782176211,61.27066726037131,90.73702354082928,420.9661062173235
2024-01-12 00:00:00,2.2547461438559133,159.22831343054048,82.74140263594921,302.4713403808582
2024-01-12 01:00:00,2.1109467580596686,124.32369743092977,42.67976211140927,730.0582281115366
2024-01-12 02:00:00,2.144031481990533,153.2603594641604,106.89915776282474,181.2972721403679
2024-01-12 03:00:00,2.2585215585674927,115.22410079056193,55.92458190115195,769.1431802687234
2024-01-12 04:00:00,1.6519950043317286,86.96030498586603,104.35055458773955,319.77670216414697
2024-01-12 05:00:00,1.5701466016735197,172.86534765112995,108.0241310877784,721.8825706160768
2024-01-12 06:00:00,2.6187223109570272,169.91238184534689,48.24298237543778,522.060013535623
2024-01-12 07:00:00,2.6031897025028963,154.20447062816402,37.36195525328018,678.6951518190413
2024-01-12 08:00:00,2.667157339052426,90.8217705844944,123.69139032821278,788.809214247325
2024-01-12 09:00:00,2.6800344957062174,138.53460003036307,85.17605085231841,301.88380647312204
2024-01-12 10:00:00,1.7726847977218734,104.14608454100403,36.97965546065709,772.794839785315
2024-01-12 11:00:00,1.63244211192566,63.73731099899512,149.38395806037204,372.63732643169425
2024-01-12 12:00:00,2.0965903579335534,187.5970363193364,36.933667319563995,369.85833331584564
2024-01-12 13:00:00,1.6705183390042688,70.52279463784421,113.40422746302639,338.27097297815396
2024-01-12 14:00:00,1.6539337545154082,192.53560307312037,148.04147103160963,478.98532514330964
2024-01-12 15:00:00,1.7380319482789315,116.90086594369336,58.70161250591107,207.90153022494098
2024-01-12 16:00:00,1.8469979817429132,77.76993932579295,47.06992424246354,487.5980397506078
2024-01-12 17:00:00,0.6930274005585382,131.2851421067537,44.56619273069147,479.1933686870028
2024-01-12 18:00:00,0.751165905279888,180.94187538146124,66.39301770811147,633.331268823409
2024-01-12 19:00:00,0.20500096653720346,159.83373296143418,42.12549732127761,683.5549733563099
2024-01-12 20:00:00,1.22354758010013,170.98417217921747,113.05936100329583,408.3089452186968
2024-01-12 21:00:00,0.21833115700021033,148.8175050066076,37.475015775607524,311.63327454604564
2024-01-12 22:00:00,1.1811960362649176,153.84148467767787,91.13065537797476,281.53442812196613
2024-01-12 23:00:00,1.4558797468638942,177.37934773479788,149.6036224623572,236.23668569341035
2024-01-13 00:00:00,1.0730825042565673,87.45020132887788,127.67643234072226,140.35330753931743
2024-01-13 01:00:00,1.8110760436892777,123.41374454647107,103.82633258772131,339.71358518429935
2024-01-13 02:00:00,0.8110004998780989,83.18141627294034,66.7504344943934,289.1733844915483
2024-01-13 03:00:00,0.9282497680917006,198.15020119949705,104.86750035499662,776.4921701064851
2024-01-13 04:00:00,2.578213823211533,191.608900952992,93.2449756693982,490.39617837503073
2024-01-13 05:00:00,1.7033441959670594,55.914021705275886,81.13000606684457,343.0939273213553
2024-01-13 06:00:00,1.2541210253037696,155.83627587735327,45.685245208823936,506.3273206955872
2024-01-13 07:00:00,2.0274494332541426,188.7872476123499,136.392505828856,197.43769094198686
2024-01-13 08:00:00,2.472999808089442,77.08630176910003,83.9741578585587,410.83062444154206
2024-01-13 09:00:00,1.285195445586959,135.1917845828944,53.35470141849181,538.3640249947447
2024-01-13 10:00:00,1.9957809516380016,187.3232446382063,74.13112210527476,442.22848225471597
2024-01-13 11:00:00,0.8001044525388002,55.09189678786983,79.69557030347124,381.245160458027
2024-01-13 12:00:00,0.6033634423372152,154.61304008702598,129.3045474680249,795.6938722297887
2024-01-13 13:00:00,1.433299740585038,94.6023511058826,118.03372566736824,716.2203335042489
2024-01-13 14:00:00,1.3312702432202177,188.65942930647955,122.31658723696077,536.384170711608
2024-01-13 15:00:00,1.42130641240314,195.65873677480516,31.323751731437667,498.5641528275979
2024-01-13 16:00:00,1.5191699655531057,191.63997336701507,79.93847978157137,534.4623358772088
2024-01-13 17:00:00,1.9687412457805347,121.13213249861957,87.76129819623884,240.91847547570327
2024-01-13 18:00:00,1.0326006966023906,179.30639764839702,32.303073218766805,376.59642028502304
2024-01-13 19:00:00,0.6629500327379583,176.68240978026057,61.17758504940411,127.62167302362953
2024-01-13 20:00:00,1.6573596876451873,97.86507098648835,121.2347787746562,432.88222624077866
2024-01-13 21:00:00,0.688111111930872,174.33732112260162,46.453164687479884,480.11720877036424
2024-01-13 22:00:00,1.1279428414112727,55.55114520732389,94.237215774311,259.42481527224675
2024-01-13 23:00:00,0.5275032401332693,139.44048177230798,55.8242246420685,774.8201930158596
2024-01-14 00:00:00,0.5507014868309099,84.50132559315546,31.454492957267192,736.6182276560694
2024-01-14 01:00:00,2.5547063519071096,68.08503286659182,58.94417491194498,605.5002648191341
2024-01-14 02:00:00,2.4219602410244083,61.542980244381376,147.10485058920645,473.37064013575383
2024-01-14 03:00:00,2.2455018027806704,154.44331638172096,126.18445342595875,708.9784117533794
2024-01-14 04:00:00,1.750918590720758,100.98124456520992,145.149197318524,191.45664067642406
2024-01-14 05:00:00,1.329551553286226,158.71501572931422,88.54248527116349,653.3568559924195
2024-01-14 06:00:00,1.312874085342172,59.803451119841355,43.16834384130042,187.3745697767938
2024-01-14 07:00:00,1.4834487094737256,97.29355067459156,95.75513867684316,655.9474637845838
2024-01-14 08:00:00,2.03146603130446,130.9236938563006,84.5252801471953,293.03729777594987
2024-01-14 09:00:00,2.2827452359933997,168.60847472584453,131.3228499287539,713.9634067127323
2024-01-14 10:00:00,2.0703947534354668,97.81287543981048,41.76990969410935,760.8294656777784
2024-01-14 11:00:00,1.1892773164431467,143.88370646555137,88.58893644261337,204.15717858358096
2024-01-14 12:00:00,2.4097305613263917,182.89666223542807,48.00583976327811,423.87292354577545
2024-01-14 13:00:00,1.8463843108402826,142.3794782273457,68.96111122680719,786.6911647138796
2024-01-14 14:00:00,1.3587081050228031,84.94392121304506,118.48284928653595,438.38520518120265
2024-01-14 15:00:00,1.369888101875429,53.660117233480705,87.12217552425199,704.4832657601816
2024-01-14 16:00:00,0.9061874229633643,180.5148310851395,75.10659421749233,512.1120654919239
2024-01-14 17:00:00,0.5124990658577817,53.19041162755807,77.33715342840424,362.7309355437213
2024-01-14 18:00:00,0.7119453573025232,181.2052509026299,85.1336122087184,300.04848886810913
2024-01-14 19:00:00,1.5327293077842035,129.3405701040818,124.20198526044683,242.2561637602611
2024-01-14 20:00:00,0.09577427536729366,190.86015477693442,137.05016267282812,633.2587339643881
2024-01-14 21:00:00,0.37859189042055846,169.81748536604982,144.6401623804714,370.5783547761195
2024-01-14 22:00:00,0.3420052840435089,199.69011658000062,124.42840635063541,457.8928235405258
2024-01-14 23:00:00,0.45204808208667413,102.60677231775652,67.84882748976153,444.62783600082736
2024-01-15 00:00:00,2.2109211680220127,165.07824333966903,112.57616473038506,504.09532046319185
2024-01-15 01:00:00,2.0367252413113035,110.28963704138633,82.51237488664702,705.9040019371865
2024-01-15 02:00:00,1.6983476581746502,121.98134304558633,60.56047464552614,786.5175405084005
2024-01-15 03:00:00,1.0492217118952745,144.1258194827555,130.90458953111073,385.30894600167187
2024-01-15 04:00:00,1.9162444521258846,181.05156712795082,34.611161875479,679.2632454744122
2024-01-15 05:00:00,1.9299064547056632,197.61252037989428,138.2114390562508,635.1694562583024
2024-01-15 06:00:00,1.3464037398200304,165.24101207967772,85.3772957549681,501.47026601890127
2024-01-15 07:00:00,1.8506662116204802,112.66501732510007,106.46417721699365,769.2330005283532
2024-01-15 08:00:00,1.7300221706869676,113.20355034156053,109.12247066469392,240.33216086988196
2024-01-15 09:00:00,2.0852535866977058,160.63734523833372,137.41412888478436,176.484947216735
2024-01-15 10:00:00,2.0201873017352887,85.81657186524535,106.40036186006488,697.7733768687955
2024-01-15 11:00:00,0.7200175420953467,66.5711169697092,103.67203017120741,407.40487164362384
2024-01-15 12:00:00,1.2492252292529495,103.19332364611648,37.99824486728279,692.8781979449424
2024-01-15 13:00:00,1.622310308877215,93.08584874811226,92.20896263342449,725.1631436367904
2024-01-15 14:00:00,1.2562725171601803,94.44621806839851,48.020280098045,143.72031553335
2024-01-15 15:00:00,1.859426291783372,85.0411626574865,118.49205224657827,718.4253340902425
2024-01-15 16:00:00,1.3843745613456728,56.31397844545428,91.46663049752094,413.8233387585955
2024-01-15 17:00:00,0.3429059410183252,52.68109021001207,111.6273335050024,457.30274230296254
2024-01-15 18:00:00,0.1411374948008597,198.15835846040474,35.000748072286115,538.6147577652472
2024-01-15 19:00:00,1.3018756432680956,114.16597006037935,40.17504192549639,748.4678247110608
2024-01-15 20:00:00,0.12000991919102372,107.64899707395224,115.95880656752188,113.38126610083482
2024-01-15 21:00:00,1.31799777195365,151.94709240396048,38.6501203198408,433.790427822472
2024-01-15 22:00:00,2.130460482849915,82.73808317975963,38.55080733183103,581.4054297013924
2024-01-15 23:00:00,1.521538833200495,192.4941775925338,31.453017028186494,605.89487038876
2024-01-16 00:00:00,1.2763398524130456,167.9517521623328,144.78016779593761,584.7727020759755
2024-01-16 01:00:00,1.9159859594359587,63.411650346838925,118.50100313508084,194.1045905856853
2024-01-16 02:00:00,1.66650578098303,112.63711636773925,72.3901690202477,309.5769118601769
2024-01-16 03:00:00,1.9447869692251438,181.8677461343247,65.58426975451863,351.1008677919094
2024-01-16 04:00:00,2.815942319445268,191.70980334371154,71.96438756950195,663.1060453756535
2024-01-16 05:00:00,1.755168188746083,120.11022668748046,122.95842374174183,295.1319106901871
2024-01-16 06:00:00,2.9223811276478284,142.01170838160616,109.36447332844973,247.49347470704222
2024-01-16 07:00:00,2.793664197056661,75.05509191381128,52.22346814409615,770.2136133266673
2024-01-16 08:00:00,1.3245949714708156,198.6752939205465,50.89312024009012,106.20429957942822
2024-01-16 09:00:00,0.9922759923436063,84.7507552075165,41.807477965607674,798.4745989773847
2024-01-16 10:00:00,0.9515560027548577,191.40976612026884,109.23632636416058,573.7749092001769
2024-01-16 11:00:00,0.6658531738543607,147.44699734885526,121.72471946660832,679.9285096143819
2024-01-16 12:00:00,0.6888859215118605,141.16051923182886,61.805571399000485,306.2335774423352
2024-01-16 13:00:00,1.7366040242814527,126.9032766524763,32.51339532370954,110.02069436694198
2024-01-16 14:00:00,0.39237729692045376,84.6004717576638,39.860600097171286,616.5086629930711
2024-01-16 15:00:00,0.7843978699942524,76.47920480082624,146.14320418140366,683.9012179004731
2024-01-16 16:00:00,1.7567379200466904,83.0729313605263,65.45337329729043,618.3332923674634
2024-01-16 17:00:00,0.06358095832711852,77.96573932163818,122.30677774057604,199.995201110587
2024-01-16 18:00:00,1.6289369651778713,166.937671035013,104.95962826251166,627.3995455798783
2024-01-16 19:00:00,0.5807466364022652,102.5187888750095,75.8327567583475,638.2459474753487
2024-01-16 20:00:00,0.30331695335109427,58.676401484509455,54.68247146346661,560.9783609690385
2024-01-16 21:00:00,1.539920940135022,195.3653945211217,44.56637017912877,636.2811529569103
2024-01-16 22:00:00,1.507885693559765,182.56788274451387,103.80155616466399,692.1450077744125
2024-01-16 23:00:00,2.125534504502839,189.16284247928195,122.95605367653455,529.5228799662209
2024-01-17 00:00:00,1.9701420876077695,199.23617339696528,107.26851042493568,162.02329977877534
2024-01-17 01:00:00,2.23637138332096,76.0842873829231,93.636255989899,441.3394667670476
2024-01-17 02:00:00,1.3140691451426125,109.4363028353988,35.034146811796354,154.35453427012354
2024-01-17 03:00:00,1.208432478152722,163.73577135561368,146.21865331132605,385.2801217227016
2024-01-17 04:00:00,2.4342422051739327,154.40309270806884,125.84570299854894,384.9745423879393
2024-01-17 05:00:00,2.596632391679062,73.08438595097826,65.13864440411577,146.2068908981691
2024-01-17 06:00:00,2.9810102840013464,172.37496874859266,147.5964395230621,344.1743737786355
2024-01-17 07:00:00,1.8081982669673873,83.6660857754991,102.22579075635865,177.69866915392038
2024-01-17 08:00:00,1.6770488734777873,83.57264222339346,99.89071898486958,665.7646470064556
2024-01-17 09:00:00,2.4063793120772665,130.54616343401204,119.76878153154385,763.3816181751296
2024-01-17 10:00:00,1.4316070805060432,138.94099022625548,127.41237457081651,150.62153268055704
2024-01-17 11:00:00,2.4909241737583945,137.01293117567167,108.77743287978032,768.580645104191
2024-01-17 12:00:00,2.216825503686024,63.72302560966323,45.371489563944,465.8036195357216
2024-01-17 13:00:00,1.2285785321987792,181.61912939455706,70.59210071933981,309.6959745677117
2024-01-17 14:00:00,1.7517421355829936,89.84000638830591,141.370036839126,153.80345269331445
2024-01-17 15:00:00,1.6555323575760919,69.42723819242062,56.95387342126223,450.43698764929246
2024-01-17 16:00:00,0.27323503577964453,183.31221198034658,74.66004286050159,656.1608811435241
2024-01-17 17:00:00,1.8221429002146008,193.34772473446301,81.84922595330352,594.9605340866888
2024-01-17 18:00:00,1.0105047448957143,179.3191425898176,82.72859876333426,135.15820802478163
2024-01-17 19:00:00,1.6699520190709478,171.4274112087317,103.55274989934306,151.03128475753246
2024-01-17 20:00:00,0.7070865001690034,148.28629709585326,143.16910052936493,382.011297842846
2024-01-17 21:00:00,1.937493066399124,132.6286055913709,58.883125419900594,306.7033458335603
2024-01-17 22:00:00,1.0284033574683262,63.048013986711524,44.58016515611017,262.6690261392335
2024-01-17 23:00:00,0.39226578040934046,111.2679819606048,53.696458783192476,296.70314923609953
2024-01-18 00:00:00,2.3107639528385215,105.9032775518471,136.43098802511236,662.4379203078192
2024-01-18 01:00:00,0.8119828761235262,88.96306756404894,107.49729751862472,750.4596375422977
2024-01-18 02:00:00,1.3886272751808262,158.51301705328774,64.30881470869922,383.5718861692965
2024-01-18 03:00:00,2.753677324694884,124.38136026181562,127.91363267623407,734.277701492748
2024-01-18 04:00:00,2.83422699576733,62.15693238614719,133.36439956361232,325.04699087351736
2024-01-18 05:00:00,2.1298386893911068,83.0274802924717,131.58172064283337,433.5058904406541
2024-01-18 06:00:00,2.2636744243395985,152.4888145489394,140.27118403674655,258.22029847119984
2024-01-18 07:00:00,1.8798539571011748,61.41962892354503,60.26892242080339,548.3332295230907
2024-01-18 08:00:00,1.5194342452883483,177.68103710731532,120.6050314495534,785.2867806223662
2024-01-18 09:00:00,1.5108824813331074,124.27197905209614,85.26473967289681,522.4451672303651
2024-01-18 10:00:00,2.0950369121540753,122.0879865989972,131.0398263468074,350.4698588794842
2024-01-18 11:00:00,2.1341585814266213,138.86116769892766,117.41888125939359,553.4722121933698
2024-01-18 12:00:00,2.083158087451694,173.70214488877238,123.17369357996695,186.04447492577128
2024-01-18 13:00:00,1.9498267630378538,102.17138118532895,108.73942052172858,722.061356185779
2024-01-18 14:00:00,0.43241220609738285,151.70242288385953,51.29145233636483,452.15876554588544
2024-01-18 15:00:00,1.135287218811893,134.85979459936866,95.4032302676326,414.5448194277494
2024-01-18 16:00:00,0.1821048181410697,90.0542405254132,148.160368742941,510.10535191746345
2024-01-18 17:00:00,1.1160948515029379,181.7944979532737,142.48656797965427,537.3487039525817
2024-01-18 18:00:00,0.883061002746754,169.61390324103922,35.1808482956414,150.2430643585591
2024-01-18 19:00:00,1.7924454523720668,148.76777519876384,49.77777788753245,577.8320548563817
2024-01-18 20:00:00,0.7688173232119355,177.5872593641363,45.80745281454743,269.3521762208707
2024-01-18 21:00:00,0.38058064226193733,180.09413014397035,117.11758919823546,599.7668427546129
2024-01-18 22:00:00,0.5359833641056686,156.25444650725524,128.1342395828334,675.7743560689378
2024-01-18 23:00:00,1.8936117408836848,175.55199925455082,55.62136395728063,662.7709552867642
2024-01-19 00:00:00,1.73643612663252,154.62071925039254,90.70232315421947,486.75067718552236
2024-01-19 01:00:00,0.8316548747968429,152.02111576404508,130.88436336134401,464.1189246175258
2024-01-19 02:00:00,0.9182136122299881,142.79170673227765,117.93618537195007,200.0131729375882
2024-01-19 03:00:00,2.2554916535115113,162.9074959336462,95.0684646590218,642.7423052821949
2024-01-19 04:00:00,1.0785387146206031,73.79076579396106,100.84172285505275,289.98656631270006
2024-01-19 05:00:00,2.626683031725246,182.13061387983927,91.0032656299536,447.6867959725626
2024-01-19 06:00:00,2.4124844543129926,180.7765291617848,65.70581415825848,298.9918650492617
2024-01-19 07:00:00,1.1456604744283339,54.387092455183875,97.80263914308193,193.6798540997852
2024-01-19 08:00:00,1.1026881300626012,173.8725125847144,112.66623624601088,540.6903878242156
2024-01-19 09:00:00,2.826832547595629,69.33048012101678,134.79874990329694,138.03242437603268
2024-01-19 10:00:00,1.4985415915122424,100.2678281388713,106.35496247750977,624.05166388834
2024-01-19 11:00:00,1.3706938166850469,161.52623844374116,121.33458444517896,322.31075668278163
2024-01-19 12:00:00,2.1255991345150056,74.11398440724624,49.20859619454876,100.09428510313973
2024-01-19 13:00:00,2.26508763221646,172.69505361785934,85.38689693037479,457.7903974660609
2024-01-19 14:00:00,2.222002127645741,174.82012669366128,31.119794379251196,132.79633596932217
2024-01-19 15:00:00,1.6532029799246157,126.12016006412543,59.60146374259476,293.31869047462965
2024-01-19 16:00:00,0.8195064691696146,50.95788075752504,117.17540581356059,594.8835412190012
2024-01-19 17:00:00,0.18403852025280348,93.05571997623692,149.0171941619236,143.88273513530612
2024-01-19 18:00:00,1.5542938318548734,142.53903775636132,41.90137195046591,687.5369446492016
2024-01-19 19:00:00,1.1338455863270762,197.17792670411353,78.17931790335459,102.67394586100818
2024-01-19 20:00:00,0.9154313166017324,144.77202905250027,126.00851624389914,272.7767084413316
2024-01-19 21:00:00,1.9591553795962,88.97053715962397,54.48427615546786,618.63283930645
2024-01-19 22:00:00,0.4723949646122963,145.1008554649417,96.61019391627435,321.3891048105147
2024-01-19 23:00:00,1.355840686030455,130.99780695737832,117.96855552356098,171.32467164620948
2024-01-20 00:00:00,0.5227072895348323,166.97680927267155,103.91825403122148,352.16374316029953
2024-01-20 01:00:00,1.5667308065395114,66.04709582404377,52.56296815384994,289.27530046916786
2024-01-20 02:00:00,0.8626065513636709,164.1541853753042,72.64614824228873,689.8983315123885
2024-01-20 03:00:00,1.0911892231294176,131.18998680141652,124.05501413824767,319.3435423096002
2024-01-20 04:00:00,1.1680651954464312,194.4488005788492,96.507181695842,652.2527302432051
2024-01-20 05:00:00,2.2813835173766597,101.28082490580292,30.627553625149528,724.3105013675143
2024-01-20 06:00:00,2.4920897585308466,144.89328397009223,121.31889120337127,403.67219370357066
2024-01-20 07:00:00,2.1497004433388547,189.80421582650263,34.23736259282869,736.9602006980745
2024-01-20 08:00:00,2.8573577988413033,65.37645919860189,119.48805392774786,364.122637774235
2024-01-20 09:00:00,1.6032945496406839,190.58427308546766,54.29766721982849,774.8548915430757
2024-01-20 10:00:00,1.3214241725637201,153.18285834512199,144.96881761432564,162.50266716790105
2024-01-20 11:00:00,2.366607778930189,60.175558865775784,74.15289015625014,580.9134865522699
2024-01-20 12:00:00,0.9471916770389095,95.14453504202244,69.23179396056949,445.66982831985007
2024-01-20 13:00:00,2.297035556329969,156.22581329679224,47.86656603989336,371.35416381895294
2024-01-20 14:00:00,0.274308949379635,60.102590220315754,66.67250585882579,542.8983151240207
2024-01-20 15:00:00,2.086204262822003,137.32556902644097,135.19809141938407,592.6999641440318
2024-01-20 16:00:00,0.15330712200893354,101.88245854294351,149.56012051526966,103.05428875521636
2024-01-20 17:00:00,1.799323314251607,143.13732766512157,74.19714366082181,216.86716212303912
2024-01-20 18:00:00,1.0554022181725997,56.86130507187693,83.83327571454511,599.1322354440231
2024-01-20 19:00:00,2.002966679094066,180.73052092285644,116.64851258432844,566.4697895047445
2024-01-20 20:00:00,0.2145804275785757,196.02334537660954,136.34349365580894,776.233253590074
2024-01-20 21:00:00,1.254155178209367,195.33167829285372,101.1653201024141,632.726453175548
2024-01-20 22:00:00,2.1886050712381944,162.44777476143872,76.98308378133953,765.5408954119366
2024-01-20 23:00:00,1.4167861657890377,69.5129360195948,79.51462090183485,591.7783510743649
2024-01-21 00:00:00,1.7587972762705155,163.7394793893534,113.47417757961682,308.6365460476102
2024-01-21 01:00:00,2.02090690052049,53.68803746882023,30.38619163251344,173.75544557559954
2024-01-21 02:00:00,1.6590821295355456,53.318532729349585,104.35072049518088,647.2767043414549
2024-01-21 03:00:00,2.108669550761398,98.54153287243119,72.65916125296289,550.9044550331412
2024-01-21 04:00:00,2.10164132573842,123.29647856069987,125.30367975325011,133.73020867530735
2024-01-21 05:00:00,2.7852789341265116,165.56111267116898,41.15887677877586,352.03532613068484
2024-01-21 06:00:00,1.0908927606829157,152.49430649097576,100.58427203380685,769.7598708390003
2024-01-21 07:00:00,1.544889292328997,116.88540595651224,87.71674678633485,450.2808019971409
2024-01-21 08:00:00,2.8338356700453384,91.04399994224988,107.07906310862728,402.91039521379327
2024-01-21 09:00:00,2.634080958375111,199.56867502365668,37.782431337956204,420.38972361150576
2024-01-21 10:00:00,1.6613135055714277,113.92719533539594,99.59805449137575,246.2179068036146
2024-01-21 11:00:00,1.8696747181543318,117.70805364945132,97.37815055514285,358.09501960535664
2024-01-21 12:00:00,1.0547623659622731,74.54357317875038,97.27921132994051,358.8692791910236
2024-01-21 13:00:00,0.7468327968962657,169.2214323124894,102.41851999157458,136.64851413123068
2024-01-21 14:00:00,1.1773968098799636,154.0523338672233,111.17615246716346,637.2973399625428
2024-01-21 15:00:00,0.8531510654588284,83.11544191831406,126.59867996169237,391.5531023327153
2024-01-21 16:00:00,1.2342995218095272,62.357156842376405,62.37848641538572,675.5259207714963
2024-01-21 17:00:00,0.1725063607854357,152.07489531120694,129.00592922160746,695.2436007839268
2024-01-21 18:00:00,1.9487896153323332,148.17668214217028,89.79068187161444,248.39583828906063
2024-01-21 19:00:00,1.9894585758146701,90.9889290497314,39.24699349611974,560.14743751909
2024-01-21 20:00:00,1.46331072614727,192.62953433756155,37.026111509277506,430.5972629140872
2024-01-21 21:00:00,1.2186393420949686,72.65868376713503,70.1085982435273,716.1097165450395
2024-01-21 22:00:00,0.8690552325726613,114.8502201563903,124.18763725337611,251.01847542351788
2024-01-21 23:00:00,1.998180516862634,191.54238802513984,114.92171216890989,574.469240217031
2024-01-22 00:00:00,1.8694623451077594,112.95909753891834,124.63379576068877,525.4264855769059
2024-01-22 01:00:00,0.9546434012410343,145.77889214961283,92.07228677299312,306.71103430028296
2024-01-22 02:00:00,2.571854368987681,109.63915969441913,82.82387975465886,195.62063255582083
2024-01-22 03:00:00,2.4986278764396115,91.13228035230051,47.69430320475408,556.1478323340937
2024-01-22 04:00:00,2.8326125284760693,197.59664719397423,69.38313043311739,617.0182206926315
2024-01-22 05:00:00,2.4344019299212527,111.40010094725645,82.08232394086502,320.939140634345
2024-01-22 06:00:00,2.2268303918715797,184.11488055187016,40.632051561554064,551.3828228156196
2024-01-22 07:00:00,1.819448985725775,84.49319088366292,56.47343432534535,376.5916353280523
2024-01-22 08:00:00,2.7984696686002497,81.9657056037625,101.78703528764866,599.2448182978324
2024-01-22 09:00:00,2.5856811695940927,54.6701124326767,118.27957370870278,239.45069242583716
2024-01-22 10:00:00,0.8404373402123777,147.75002380638276,149.80170136715395,723.1505018453221
2024-01-22 11:00:00,0.682143471545759,105.27895155856417,141.97359976122692,301.1867175259058
2024-01-22 12:00:00,1.2529267337561036,179.65373747594555,107.10782394422299,357.45019142930704
2024-01-22 13:00:00,1.9916971390124054,120.98148600373358,80.54976639528864,140.66436645624486
2024-01-22 14:00:00,2.224552258629898,195.22901418720826,106.34128376498792,178.0585486248935
2024-01-22 15:00:00,0.4472803916137867,77.82882735546818,124.27819416962784,461.1033318986297
2024-01-22 16:00:00,1.2552487288120517,180.2934751933416,44.20034291080648,287.31487370958007
2024-01-22 17:00:00,0.7788188001175081,166.48952791876127,79.18858676355458,684.836158019536
2024-01-22 18:00:00,1.9398287956292064,165.63827669660782,130.77627427627408,110.28537205846769
2024-01-22 19:00:00,1.7012749331268826,176.71748421753315,76.05995423196528,365.36583407035533
2024-01-22 20:00:00,1.7436447075300572,164.15359864144983,98.62467254726238,336.14188273836487
2024-01-22 21:00:00,1.0838329289966608,143.93304824471232,100.53232330346378,113.52934164232073
2024-01-22 22:00:00,1.0796390046753268,69.68673165235813,52.13715037603672,187.05787930035717
2024-01-22 23:00:00,0.9174046213101522,54.878926923687786,73.46825299827461,389.5498724430447
2024-01-23 00:00:00,0.6127509933018587,188.12717717235302,70.14135464903185,445.00520911321263
2024-01-23 01:00:00,2.3588542750613617,142.49754717811072,33.143605023847776,383.00282307840837
2024-01-23 02:00:00,2.3758020182601545,169.48059364642643,32.90301166696263,471.6563748884657
2024-01-23 03:00:00,2.852988737165527,122.2283527268825,129.8036452410928,516.5921724339771
2024-01-23 04:00:00,2.926286376040027,67.59622834435918,62.76849719673749,106.94667478948494
2024-01-23 05:00:00,2.0938263243497883,68.77786883038257,92.16945194865785,424.8666116174527
2024-01-23 06:00:00,2.537974830361021,152.8347930843457,65.84706883065277,774.4494686213118
2024-01-23 07:00:00,2.872494372909389,114.5458842349194,142.88150941384086,463.3225960906841
2024-01-23 08:00:00,2.632307483247044,80.07870900505051,61.11561106389285,574.2795872212672
2024-01-23 09:00:00,1.3482495940796688,123.73918201121553,81.55881752867221,318.30470054181825
2024-01-23 10:00:00,1.6510882706201953,59.631340561270115,134.72763005815222,641.7939647069338
2024-01-23 11:00:00,0.8877283528542554,137.2957102871598,131.03202801501703,641.0450373132805
2024-01-23 12:00:00,2.4081020545174456,90.34901066526464,52.33217014155328,464.90723335789727
2024-01-23 13:00:00,1.5829397463504966,169.63386509557824,126.31719717548525,783.2096762954495
2024-01-23 14:00:00,0.7072856110069312,96.55429383853607,84.98242640854713,187.88515033385738
2024-01-23 15:00:00,1.4898479782184413,118.28302236227017,87.95626465024262,111.86336542270669
2024-01-23 16:00:00,1.3032437790235714,51.7430809862151,46.017596689913255,639.1107482299672
2024-01-23 17:00:00,0.7333625229211489,60.867033169183834,39.67218165085496,665.0088761554177
2024-01-23 18:00:00,0.22711518439925804,108.87403346100272,117.35271683685183,184.14506038440337
2024-01-23 19:00:00,1.360183478041065,121.99082520756852,89.57533828263597,285.90798307102426
2024-01-23 20:00:00,1.1076026999153696,140.00308221789555,82.42208431382154,112.28665435664024
2024-01-23 21:00:00,1.6910833928780014,93.74938680639548,117.5409874382876,305.3160275463953
2024-01-23 22:00:00,1.290327002223986,154.2472829189814,121.86154787893317,641.1993117430701
2024-01-23 23:00:00,2.07495347808581,179.01835957838068,49.06898012032243,462.5723693988053
2024-01-24 00:00:00,1.6038136775489646,166.97764833400248,103.22701793731696,343.66691521780166
2024-01-24 01:00:00,1.751285465622031,55.94282380225357,46.24248987332226,360.2175064344312
2024-01-24 02:00:00,2.503307205316692,122.07604208867434,120.16501032348548,100.9475380008277
2024-01-24 03:00:00,1.6605191230180725,65.73952676272623,108.83461875205674,309.8603692956651
2024-01-24 04:00:00,1.201043158793499,86.30675237937912,144.79375453001495,552.5211191465514
2024-01-24 05:00:00,1.0405282657712123,197.99938899007196,38.27496196277054,781.93611067145
2024-01-24 06:00:00,2.5102745113472382,71.37433143522699,36.84656653815052,692.9425788887296
2024-01-24 07:00:00,2.2235820158514645,124.8332230177034,63.862448963184015,116.51647525187039
2024-01-24 08:00:00,2.3411722380906665,142.72336014771787,61.404682048308715,728.9924232723876
2024-01-24 09:00:00,1.2794817136110925,155.36974558161558,59.63745588863998,648.2388893090382
2024-01-24 10:00:00,1.0227429511735449,133.9473025230371,138.7505496625244,646.2632864996863
2024-01-24 11:00:00,0.658498853887026,51.46562711287755,59.94554398194073,420.59703130250006
2024-01-24 12:00:00,1.2011751176132057,98.96919623659878,62.63396713543572,378.60370506815195
2024-01-24 13:00:00,1.5504258511580131,127.65674650770671,121.12779149015564,312.04101018323485
2024-01-24 14:00:00,1.0344880901994673,63.179974871725,83.96878109406481,145.98640126805606
2024-01-24 15:00:00,1.0213964534541837,102.59403968137711,123.20526683462174,259.76475444558935
2024-01-24 16:00:00,1.875304687095275,54.980466318704984,37.843938907726226,272.62254448461726
2024-01-24 17:00:00,0.7135480209020677,61.78677457325311,88.50854324080612,438.85394879714113
2024-01-24 18:00:00,1.0279789783196216,109.53849143023942,34.03363202199392,623.2110846176857
2024-01-24 19:00:00,1.5843431123377492,69.90736310645906,37.51838441464254,431.6668798785626
2024-01-24 20:00:00,0.860072862750318,135.1311272392337,138.7724944013293,140.49111461301243
2024-01-24 21:00:00,1.3906200098624721,153.41974537058985,46.70944453411142,770.4528606917427
2024-01-24 22:00:00,1.9747274174934923,170.08800486636244,93.89048187302606,759.9070233658786
2024-01-24 23:00:00,2.2696317247640168,80.02253663672151,79.33147231208478,649.6326802038859
2024-01-25 00:00:00,0.794146961858073,75.12238733886046,71.68119915106112,793.9295310949544
2024-01-25 01:00:00,2.4825847728742505,65.68517605016004,137.9800014824727,481.137632960184
2024-01-25 02:00:00,1.7342325861590688,145.46453743154552,32.61880761305874,773.9378451772443
2024-01-25 03:00:00,1.3700421671911873,155.9713589730352,109.6547623410707,152.92352843172554
2024-01-25 04:00:00,1.851284214368742,54.737921723846306,145.60733210562606,355.97652378295993
2024-01-25 05:00:00,2.9430280637154893,190.43183693655348,97.22018201542103,257.7668876047361
2024-01-25 06:00:00,1.9852361879857392,57.79569254772086,142.41869544397102,237.083158893989
2024-01-25 07:00:00,1.640466133719551,131.19445029516055,36.270945514322854,198.56206422487327
2024-01-25 08:00:00,2.1998144105256765,156.35907791763748,80.25519828889936,535.6895490961977
2024-01-25 09:00:00,1.3338446281496648,180.64536856191285,61.21893491544614,646.9252990231136
2024-01-25 10:00:00,0.9017266562173302,157.11303981986418,117.69851579768758,504.80887959425246
2024-01-25 11:00:00,0.8871689663725573,170.25921246046877,147.7556508596696,202.87389671174677
2024-01-25 12:00:00,0.756091677915539,100.9175288814209,60.78360749330974,667.7866389534296
2024-01-25 13:00:00,0.6743958644733322,172.22376706197684,108.50095217688893,545.16829501461
2024-01-25 14:00:00,0.52765434529882,62.01722695770127,53.77171593116881,371.71599428889687
2024-01-25 15:00:00,1.4281960990131624,184.22249840907915,97.83963054859319,571.891206875244
2024-01-25 16:00:00,0.430747466906073,132.13885642306042,85.67189840260033,281.933485469983
2024-01-25 17:00:00,0.7083716535031925,172.59466549437406,146.64063955578445,341.63454594594737
2024-01-25 18:00:00,1.7935768198120234,117.84774267774502,103.02327272357599,742.2400901923932
2024-01-25 19:00:00,0.9649603673812088,146.53665427947874,71.94076465041826,303.3531539699943
2024-01-25 20:00:00,1.4021027751498338,128.960399140417,43.691494186552006,428.9917877105556
2024-01-25 21:00:00,0.4910863518099772,159.7384282632998,48.14961944819215,723.0987961772103
2024-01-25 22:00:00,0.6345780376173346,62.244497304588435,57.03803159414821,595.4049451872693
2024-01-25 23:00:00,0.4523277099816937,59.052812598584566,60.11599936083576,143.54225831529192
2024-01-26 00:00:00,0.8378701261443295,87.06548510152197,132.07392694093653,203.11213099527924
2024-01-26 01:00:00,1.1865902006151823,73.93170201697825,97.346734593903,105.48911354034178
2024-01-26 02:00:00,1.1040209685534892,180.76753498883025,92.80690936492397,541.6452531604143
2024-01-26 03:00:00,1.0309584581073845,82.88209810370665,43.772264624306096,413.37139778729284
2024-01-26 04:00:00,1.1742844440934155,196.37978837286968,133.2167632019322,193.99239563159287
2024-01-26 05:00:00,1.904520449209984,100.53436876566602,116.73771638501805,770.5538847397393
2024-01-26 06:00:00,1.412667436811585,77.31768735330489,38.12020342800019,470.76180676193394
2024-01-26 07:00:00,1.7115026352406846,168.45477607137187,114.94021166757224,269.32530587902244
2024-01-26 08:00:00,1.939847243601937,148.80616632513141,95.22458608111752,450.4224998082953
2024-01-26 09:00:00,2.2343430478520068,124.72935746797084,39.80704148961339,575.7342329145754
2024-01-26 10:00:00,0.8286242796821972,133.30453264064468,84.99607698343877,153.36745258149514
2024-01-26 11:00:00,2.2282303203693545,157.88026674083957,88.16355445560563,292.2926705335244
2024-01-26 12:00:00,1.7558007789818204,84.2682111996948,49.89294481959309,664.8758436187956
2024-01-26 13:00:00,0.534108541346484,199.45008740851128,143.48377764003388,421.76540928186284
2024-01-26 14:00:00,1.9971572482135511,196.21897432201746,131.99704457767945,482.6039994226064
2024-01-26 15:00:00,1.988191410470357,147.54885295204053,110.282680479493,402.9712015466285
2024-01-26 16:00:00,0.18914321781750915,79.93136763937177,85.47546732007287,130.72995985010357
2024-01-26 17:00:00,0.5707923831498765,152.0342363646937,79.41186499014103,216.02484587410913
2024-01-26 18:00:00,1.6124025595861227,60.829761346876374,108.1168160581145,411.87914711932365
2024-01-26 19:00:00,1.5135564676227817,54.597875330870906,95.45182432882865,246.42982578554947
2024-01-26 20:00:00,0.4360293368205358,88.65243327668205,37.47277270582627,134.9853200617751
2024-01-26 21:00:00,0.5651452560801505,119.39344351089744,91.5003178524398,690.5547648362766
2024-01-26 22:00:00,0.99094420558276,180.24087581125707,126.76843406794075,786.8347704148811
2024-01-26 23:00:00,1.3396364478307818,159.0753604649462,85.10878531163496,655.2000117977176
2024-01-27 00:00:00,1.7365095430605817,161.40597817999716,36.23478930651221,697.649445193267
2024-01-27 01:00:00,1.3672368016907994,113.8240001672113,124.35338392608398,269.38399122193175
2024-01-27 02:00:00,1.6750694322662942,101.89024888204443,54.16365385631693,772.4388828592398
2024-01-27 03:00:00,2.348495266860789,105.6558144476904,61.03450018656466,237.84799311739988
2024-01-27 04:00:00,1.0063791076734114,198.14743456040867,49.76476241187551,766.0008672532825
2024-01-27 05:00:00,1.487836801832575,56.01637871187237,69.6258077845797,796.3735057761658
2024-01-27 06:00:00,2.426699171769105,180.05472441836727,120.8101806826362,598.2059640222342
2024-01-27 07:00:00,2.773376588518935,136.80131128585901,92.32630314047248,786.8006122542753
2024-01-27 08:00:00,1.9563675861235539,115.79231287843857,54.5857528980855,498.67784569697255
2024-01-27 09:00:00,1.917780361123905,158.78864906227048,135.33960937824492,281.67924822326324
2024-01-27 10:00:00,0.9643440226795486,123.00034121370543,135.5498225941835,405.8971199659346
2024-01-27 11:00:00,1.5242342561981752,181.0134857122491,134.46941100552084,515.4926547651502
2024-01-27 12:00:00,1.5652345329100479,185.10527960168878,58.65554536578472,151.1570934189105
2024-01-27 13:00:00,0.85553148471821,113.25813903101832,84.14872130171858,535.6402852320723
2024-01-27 14:00:00,0.7884864618987681,91.52416958525774,148.198758736905,786.8244857336061
2024-01-27 15:00:00,0.9010149356159736,138.85254928900434,122.64149715719884,233.07535484860935
2024-01-27 16:00:00,0.10712969366323266,186.85450184250365,33.26009054706718,654.8165814018683
2024-01-27 17:00:00,0.6611954180218209,81.59932835084999,37.82455095125905,735.5291556457336
2024-01-27 18:00:00,0.4228960139930893,143.4449875345224,85.67176521747993,760.5911149741546
2024-01-27 19:00:00,0.6720317912112952,144.73403301387808,139.10642470338723,772.094923083813
2024-01-27 20:00:00,0.3065115617462782,159.96695336229214,94.6442157543257,465.0217471050304
2024-01-27 21:00:00,1.9275011708865122,69.73515276908897,89.73750096411483,784.1155355940526
2024-01-27 22:00:00,1.4371849071080962,157.37374470231327,42.65684399479567,630.1171449941072
2024-01-27 23:00:00,1.7287951157377217,186.35487809984616,108.81361256691528,213.17000536587332
2024-01-28 00:00:00,2.07834247721467,76.9524663305363,128.65237927202708,433.830074527579
2024-01-28 01:00:00,1.6262939204093725,85.63149873858166,75.65040090090747,602.8318227604027
2024-01-28 02:00:00,0.9238405761748365,195.70926410624594,123.07342211103929,273.1382210733583
2024-01-28 03:00:00,1.9277664742303635,77.14654290642346,145.7371984680974,548.4306284842212
2024-01-28 04:00:00,2.1066949379339754,178.15776400543686,54.451975095322695,566.6203353326334
2024-01-28 05:00:00,2.4738418615131943,123.84167846720521,92.79955574336896,213.88982066599613
2024-01-28 06:00:00,1.8633190924593588,87.08466116047656,64.45655497014906,495.5597187169294
2024-01-28 07:00:00,1.238123518735663,180.6124851908767,125.14253028406073,640.1388376850254
2024-01-28 08:00:00,1.500564513489676,116.79578825039982,99.3112039057389,449.22696517515936
2024-01-28 09:00:00,1.5797179833905415,127.22260308945353,106.14989010603645,108.4721817432752
2024-01-28 10:00:00,2.041834482663208,103.88500540996486,125.74969915390729,106.32692835550452
2024-01-28 11:00:00,1.7709661318890864,138.9426277152391,77.51645671949458,349.92054077900855
2024-01-28 12:00:00,1.2121934517957047,74.5285808877534,139.81080820884517,748.3358479022473
2024-01-28 13:00:00,2.343620975034693,108.66223049776411,93.9634640695368,260.07374572252616
2024-01-28 14:00:00,1.4615496387137774,195.41184835029313,48.95457874024176,544.054582210181
2024-01-28 15:00:00,0.6209001928787248,88.72001490516914,113.5078941802563,255.4531094853244
2024-01-28 16:00:00,0.2705522433485857,148.51049968119383,125.19136205259053,325.1689927616841
2024-01-28 17:00:00,0.32275536522413123,98.77850963370423,68.0114012481032,693.6294627210387
2024-01-28 18:00:00,0.49191545676901627,166.0209688529901,132.86151083985035,610.2030095889628
2024-01-28 19:00:00,0.33839983337457447,69.63104910775247,138.73719057189197,166.77949411924743
2024-01-28 20:00:00,0.4401213462103961,195.4731567617817,63.22853848533707,400.09141469050354
2024-01-28 21:00:00,0.7166369467944189,118.06843120754588,148.02257672582664,120.41883455168512
2024-01-28 22:00:00,0.5967471905894992,85.40756950196959,46.88538336585101,436.6231026221063
2024-01-28 23:00:00,2.1641213267015824,61.0245120995019,54.241880208298795,563.7038081907476
2024-01-29 00:00:00,0.660467491323281,75.46368576313111,52.106980708563135,182.9518365187061
2024-01-29 01:00:00,1.6784323016917706,127.96609228340265,137.27876520094446,302.21945723641596
2024-01-29 02:00:00,1.5707936539793153,100.55047646469293,108.51510627899542,378.48563785150986
2024-01-29 03:00:00,2.8183106244104934,174.33250488239142,48.252513986672746,743.6717172592348
2024-01-29 04:00:00,1.1570905062283239,114.6331285492709,82.83881020420188,795.2785107960748
2024-01-29 05:00:00,1.7786741112360147,87.30714088814449,103.83576300837625,131.4379092969311
2024-01-29 06:00:00,2.9389408665507375,142.5717479906045,40.01569019872599,632.7055464467744
2024-01-29 07:00:00,2.713977164932495,156.01658253281687,135.88996420888066,360.20684648164024
2024-01-29 08:00:00,2.5671568437907775,75.05628618514248,126.43242425298422,374.720730360636
2024-01-29 09:00:00,1.3693590446831587,75.14288244324766,90.62481282919659,627.9854813429159
2024-01-29 10:00:00,1.0917751747801467,55.50071404003145,146.05519383110044,742.8985025017861
2024-01-29 11:00:00,1.9666959624001212,160.46030225984606,80.13131751301196,765.6500161517839
2024-01-29 12:00:00,2.3587519782551807,149.57067914327075,148.09323828437974,503.9858102268245
2024-01-29 13:00:00,1.4841162634766036,121.19463136247208,110.15039985643524,349.98481151035196
2024-01-29 14:00:00,1.3932253789398,176.62556734537958,106.16055279047298,651.2843601011455
2024-01-29 15:00:00,0.7064047967272917,170.85052294250798,49.9145874354942,275.7009682836102
2024-01-29 16:00:00,1.6059731644916575,137.8031546595128,135.83133099655728,494.85182018346245
2024-01-29 17:00:00,0.3911245839705167,180.2406920769888,81.29876255047381,351.0049230674112
2024-01-29 18:00:00,0.6473584728084874,80.87618150551523,49.468008693897524,559.6417515955133
2024-01-29 19:00:00,0.8679099640882976,66.78794290965918,31.512902397091086,268.27923902545484
2024-01-29 20:00:00,1.0822080554766893,90.46244172754845,97.17068203660591,234.11506201437803
2024-01-29 21:00:00,0.6312660742368776,58.56302841339723,93.28795465472116,742.7673606728059
2024-01-29 22:00:00,0.47967364947841196,129.67542920015478,116.32243468429903,171.26257806467584
2024-01-29 23:00:00,1.5918305623320006,190.4908538442442,136.83096636213625,454.17053541445216
2024-01-30 00:00:00,1.0772611064804973,55.90153110027644,39.52879015716354,254.59694807410625
2024-01-30 01:00:00,1.7918859653964891,68.31648710150402,117.77957884084348,127.25097432796721
2024-01-30 02:00:00,1.0587254305483997,117.8298542425153,52.489433291709865,125.21317280399848
2024-01-30 03:00:00,1.8158335943029078,190.08125262918574,132.98124637885968,222.65524047407914
2024-01-30 04:00:00,1.9981915669953854,97.42341574651257,128.28762166339874,706.7392481542001
2024-01-30 05:00:00,1.08660998678939,126.08522130325886,94.89525059826532,297.73512078391866
2024-01-30 06:00:00,1.6732085563878412,56.23592885755882,115.22913583479738,765.321419402707
2024-01-30 07:00:00,1.251792267022486,72.25148014431333,67.72201358204981,507.13560509243547
2024-01-30 08:00:00,1.059762642837759,197.99451844382705,86.54014787193776,405.62993283813626
2024-01-30 09:00:00,2.833473855373167,194.76780446540684,128.5964277252566,506.06218426861824
2024-01-30 10:00:00,1.3947076899494457,50.74099714016144,85.11182366078566,461.68886965838743
2024-01-30 11:00:00,2.249158414260539,192.77176781348584,72.93579183905302,631.1433776301276
2024-01-30 12:00:00,1.0092813095275188,145.86799067232505,89.30549367003599,297.74724618099657
2024-01-30 13:00:00,1.7335959218965993,180.18774417800333,129.3899102924662,347.13527412021165
2024-01-30 14:00:00,1.7704557197793827,118.21097834507887,70.22496568450472,725.8660117732755
2024-01-30 15:00:00,1.3377240906224195,127.33940428688754,50.851391176289255,762.5195592052838
2024-01-30 16:00:00,1.0101396752080987,123.32698703853802,115.4416824396937,724.7907592405321
2024-01-30 17:00:00,0.8407189151500025,150.02963863191565,129.11738552496982,393.6135957701195
2024-01-30 18:00:00,0.6977365330859906,70.94768821344694,42.076497422824,646.2558521048172
2024-01-30 19:00:00,1.87609537535112,54.496038480901696,58.78489353071337,433.43501331076914
2024-01-30 20:00:00,1.728226113683239,96.18949123867864,47.03663877131927,448.2778965022715
2024-01-30 21:00:00,2.0765004307397446,155.70211441049702,71.75296938986,243.27607634009877
2024-01-30 22:00:00,0.498594446971085,80.27801781844225,84.04211746864951,513.7912122809615
2024-01-30 23:00:00,1.8323254278560273,151.0148649987376,119.85916043559678,230.29512842734354
